<?xml version="1.0" encoding="UTF-8" standalone="yes"?>
<geronimo-plugin xmlns="http://geronimo.apache.org/xml/ns/plugins-1.3" xmlns:ns2="http://geronimo.apache.org/xml/ns/attributes-1.2">
    <name>Geronimo Framework, Configs :: GShell Framework</name>
    <category>Geronimo Core</category>
    <description>Provides the GShell Framework used by the Geronimo Server.</description>
    <url>http://geronimo.apache.org/</url>
    <author>The Apache Geronimo development community</author>
    <license osi-approved="true">The Apache Software License, Version 2.0</license>
    <plugin-artifact>
        <module-id>
            <groupId>org.apache.geronimo.framework</groupId>
            <artifactId>gshell-framework</artifactId>
            <version>2.1.4</version>
            <type>car</type>
        </module-id>
        <geronimo-version>2.1.4</geronimo-version>
        <jvm-version>1.5</jvm-version>
        <jvm-version>1.6</jvm-version>
        <dependency>
            <groupId>org.apache.geronimo.gshell</groupId>
            <artifactId>gshell-cli</artifactId>
            <version>1.0-alpha-1</version>
            <type>jar</type>
        </dependency>
        <dependency>
            <groupId>org.apache.geronimo.gshell</groupId>
            <artifactId>gshell-command-api</artifactId>
            <version>1.0-alpha-1</version>
            <type>jar</type>
        </dependency>
        <dependency>
            <groupId>org.apache.geronimo.gshell</groupId>
            <artifactId>gshell-core</artifactId>
            <version>1.0-alpha-1</version>
            <type>jar</type>
        </dependency>
        <dependency>
            <groupId>org.apache.geronimo.gshell</groupId>
            <artifactId>gshell-parser</artifactId>
            <version>1.0-alpha-1</version>
            <type>jar</type>
        </dependency>
        <dependency>
            <groupId>org.apache.geronimo.gshell.commands</groupId>
            <artifactId>gshell-builtins</artifactId>
            <version>1.0-alpha-1</version>
            <type>jar</type>
        </dependency>
        <dependency>
            <groupId>org.apache.geronimo.gshell.support</groupId>
            <artifactId>gshell-ansi</artifactId>
            <version>1.0-alpha-1</version>
            <type>jar</type>
        </dependency>
        <dependency>
            <groupId>org.apache.geronimo.gshell.support</groupId>
            <artifactId>gshell-clp</artifactId>
            <version>1.0-alpha-1</version>
            <type>jar</type>
        </dependency>
        <dependency>
            <groupId>org.apache.geronimo.gshell.support</groupId>
            <artifactId>gshell-common</artifactId>
            <version>1.0-alpha-1</version>
            <type>jar</type>
        </dependency>
        <dependency>
            <groupId>org.apache.geronimo.gshell.support</groupId>
            <artifactId>gshell-i18n</artifactId>
            <version>1.0-alpha-1</version>
            <type>jar</type>
        </dependency>
        <dependency>
            <groupId>org.apache.geronimo.gshell.support</groupId>
            <artifactId>gshell-prefs</artifactId>
            <version>1.0-alpha-1</version>
            <type>jar</type>
        </dependency>
        <dependency>
            <groupId>org.codehaus.plexus</groupId>
            <artifactId>plexus-archiver</artifactId>
            <version>1.0-alpha-7</version>
            <type>jar</type>
        </dependency>
        <dependency>
            <groupId>org.codehaus.plexus</groupId>
            <artifactId>plexus-classworlds</artifactId>
            <version>1.2-alpha-10</version>
            <type>jar</type>
        </dependency>
        <dependency>
            <groupId>org.codehaus.plexus</groupId>
            <artifactId>plexus-component-annotations</artifactId>
            <version>1.0-alpha-1</version>
            <type>jar</type>
        </dependency>
        <dependency>
            <groupId>org.codehaus.plexus</groupId>
            <artifactId>plexus-component-api</artifactId>
            <version>1.0-alpha-32</version>
            <type>jar</type>
        </dependency>
        <dependency>
            <groupId>org.codehaus.plexus</groupId>
            <artifactId>plexus-container-default</artifactId>
            <version>1.0-alpha-32</version>
            <type>jar</type>
        </dependency>
        <dependency>
            <groupId>org.codehaus.plexus</groupId>
            <artifactId>plexus-utils</artifactId>
            <version>1.4.5</version>
            <type>jar</type>
        </dependency>
        <dependency>
            <groupId>com.thoughtworks.xstream</groupId>
            <artifactId>xstream</artifactId>
            <version>1.2.2</version>
            <type>jar</type>
        </dependency>
        <dependency>
            <groupId>commons-jexl</groupId>
            <artifactId>commons-jexl</artifactId>
            <version>1.1</version>
            <type>jar</type>
        </dependency>
        <dependency>
            <groupId>org.slf4j</groupId>
            <artifactId>slf4j-api</artifactId>
            <version>1.4.3</version>
            <type>jar</type>
        </dependency>
        <dependency>
            <groupId>org.slf4j</groupId>
            <artifactId>slf4j-log4j12</artifactId>
            <version>1.4.3</version>
            <type>jar</type>
        </dependency>
        <dependency>
            <groupId>org.slf4j</groupId>
            <artifactId>jcl104-over-slf4j</artifactId>
            <version>1.4.3</version>
            <type>jar</type>
        </dependency>
        <dependency>
            <groupId>jline</groupId>
            <artifactId>jline</artifactId>
            <version>0.9.94</version>
            <type>jar</type>
        </dependency>
        <source-repository>~/.m2/repository/</source-repository>
        <source-repository>http://repo1.maven.org/maven2/</source-repository>
        <source-repository>http://people.apache.org/repo/m2-snapshot-repository/</source-repository>
        <artifact-alias key="org.apache.geronimo.framework/gshell-framework//car">org.apache.geronimo.framework/gshell-framework/2.1.4/car</artifact-alias>
        <artifact-alias key="org.apache.geronimo.framework/gshell-framework/2.1.3/car">org.apache.geronimo.framework/gshell-framework/2.1.4/car</artifact-alias>
        <artifact-alias key="org.apache.geronimo.framework/gshell-framework/2.1.2/car">org.apache.geronimo.framework/gshell-framework/2.1.4/car</artifact-alias>
        <artifact-alias key="org.apache.geronimo.framework/gshell-framework/2.1.1/car">org.apache.geronimo.framework/gshell-framework/2.1.4/car</artifact-alias>
        <artifact-alias key="org.apache.geronimo.framework/gshell-framework/2.1/car">org.apache.geronimo.framework/gshell-framework/2.1.4/car</artifact-alias>
    </plugin-artifact>
</geronimo-plugin>
