<?xml version="1.0" encoding="UTF-8" standalone="yes"?>
<geronimo-plugin xmlns="http://geronimo.apache.org/xml/ns/plugins-1.3" xmlns:ns2="http://geronimo.apache.org/xml/ns/attributes-1.2">
    <name>Geronimo Plugins, Remote Deploy :: Jetty</name>
    <category>Deployment</category>
    <description>Geronimo remote deploy upload servlet (Jetty)</description>
    <url>http://geronimo.apache.org/</url>
    <author>The Apache Geronimo development community</author>
    <license osi-approved="true">The Apache Software License, Version 2.0</license>
    <plugin-artifact>
        <module-id>
            <groupId>org.apache.geronimo.configs</groupId>
            <artifactId>remote-deploy-jetty</artifactId>
            <version>2.1.4</version>
            <type>car</type>
        </module-id>
        <geronimo-version>2.1.4</geronimo-version>
        <jvm-version>1.5</jvm-version>
        <jvm-version>1.6</jvm-version>
        <dependency>
            <groupId>org.apache.geronimo.framework</groupId>
            <artifactId>xmlbeans</artifactId>
            <version>2.1.4</version>
            <type>car</type>
        </dependency>
        <dependency>
            <groupId>org.apache.geronimo.plugins</groupId>
            <artifactId>geronimo-remote-deploy</artifactId>
            <version>2.1.4</version>
            <type>war</type>
        </dependency>
        <dependency>
            <groupId>org.apache.geronimo.configs</groupId>
            <artifactId>jasper</artifactId>
            <version>2.1.4</version>
            <type>car</type>
        </dependency>
        <dependency>
            <groupId>org.apache.geronimo.configs</groupId>
            <artifactId>jetty6</artifactId>
            <version>2.1.4</version>
            <type>car</type>
        </dependency>
        <dependency>
            <groupId>org.apache.geronimo.configs</groupId>
            <artifactId>jasper</artifactId>
            <type>car</type>
        </dependency>
        <source-repository>~/.m2/repository/</source-repository>
        <source-repository>http://repo1.maven.org/maven2/</source-repository>
        <source-repository>http://people.apache.org/repo/m2-snapshot-repository/</source-repository>
        <source-repository>http://people.apache.org/repo/m2-incubating-repository/</source-repository>
        <artifact-alias key="org.apache.geronimo.configs/remote-deploy-jetty//car">org.apache.geronimo.configs/remote-deploy-jetty/2.1.4/car</artifact-alias>
        <artifact-alias key="org.apache.geronimo.configs/remote-deploy-jetty/2.1.3/car">org.apache.geronimo.configs/remote-deploy-jetty/2.1.4/car</artifact-alias>
        <artifact-alias key="org.apache.geronimo.configs/remote-deploy-jetty/2.1.2/car">org.apache.geronimo.configs/remote-deploy-jetty/2.1.4/car</artifact-alias>
        <artifact-alias key="org.apache.geronimo.configs/remote-deploy-jetty/2.1.1/car">org.apache.geronimo.configs/remote-deploy-jetty/2.1.4/car</artifact-alias>
        <artifact-alias key="org.apache.geronimo.configs/remote-deploy-jetty/2.1/car">org.apache.geronimo.configs/remote-deploy-jetty/2.1.4/car</artifact-alias>
    </plugin-artifact>
</geronimo-plugin>
