<?xml version="1.0" encoding="UTF-8" standalone="yes"?>
<geronimo-plugin xmlns="http://geronimo.apache.org/xml/ns/plugins-1.3" xmlns:ns2="http://geronimo.apache.org/xml/ns/attributes-1.2">
    <name>Geronimo Framework, Configs :: GBean Deployer</name>
    <category>Geronimo Core</category>
    <description>The GBean Deployer</description>
    <url>http://geronimo.apache.org/</url>
    <author>The Apache Geronimo development community</author>
    <license osi-approved="true">The Apache Software License, Version 2.0</license>
    <plugin-artifact>
        <module-id>
            <groupId>org.apache.geronimo.framework</groupId>
            <artifactId>geronimo-gbean-deployer</artifactId>
            <version>2.1.4</version>
            <type>car</type>
        </module-id>
        <geronimo-version>2.1.4</geronimo-version>
        <jvm-version>1.5</jvm-version>
        <jvm-version>1.6</jvm-version>
        <dependency>
            <groupId>org.apache.geronimo.framework</groupId>
            <artifactId>xmlbeans</artifactId>
            <version>2.1.4</version>
            <type>car</type>
        </dependency>
        <dependency>
            <groupId>org.apache.geronimo.framework</groupId>
            <artifactId>geronimo-common</artifactId>
            <version>2.1.4</version>
            <type>jar</type>
        </dependency>
        <dependency>
            <groupId>org.apache.geronimo.framework</groupId>
            <artifactId>geronimo-deployment</artifactId>
            <version>2.1.4</version>
            <type>jar</type>
        </dependency>
        <dependency>
            <groupId>org.apache.geronimo.framework</groupId>
            <artifactId>geronimo-service-builder</artifactId>
            <version>2.1.4</version>
            <type>jar</type>
        </dependency>
        <dependency>
            <groupId>org.apache.geronimo.framework</groupId>
            <artifactId>plugin</artifactId>
            <version>2.1.4</version>
            <type>car</type>
        </dependency>
        <source-repository>~/.m2/repository/</source-repository>
        <source-repository>http://repo1.maven.org/maven2/</source-repository>
        <source-repository>http://people.apache.org/repo/m2-snapshot-repository/</source-repository>
        <config-xml-content>
            <ns2:gbean name="Deployer">
                <ns2:attribute name="remoteDeployAddress">http://${RemoteDeployHostname}:${HTTPPort + PortOffset}</ns2:attribute>
            </ns2:gbean>
        </config-xml-content>
        <config-xml-content server="offline"/>
        <artifact-alias key="org.apache.geronimo.framework/geronimo-gbean-deployer//car">org.apache.geronimo.framework/geronimo-gbean-deployer/2.1.4/car</artifact-alias>
        <artifact-alias key="org.apache.geronimo.framework/geronimo-gbean-deployer/2.1.3/car">org.apache.geronimo.framework/geronimo-gbean-deployer/2.1.4/car</artifact-alias>
        <artifact-alias key="org.apache.geronimo.framework/geronimo-gbean-deployer/2.1.2/car">org.apache.geronimo.framework/geronimo-gbean-deployer/2.1.4/car</artifact-alias>
        <artifact-alias key="org.apache.geronimo.framework/geronimo-gbean-deployer/2.1.1/car">org.apache.geronimo.framework/geronimo-gbean-deployer/2.1.4/car</artifact-alias>
        <artifact-alias key="org.apache.geronimo.framework/geronimo-gbean-deployer/2.1/car">org.apache.geronimo.framework/geronimo-gbean-deployer/2.1.4/car</artifact-alias>
        <config-substitution key="RemoteDeployHostname">localhost</config-substitution>
    </plugin-artifact>
</geronimo-plugin>
