<?xml version="1.0" encoding="UTF-8" standalone="yes"?>
<geronimo-plugin xmlns="http://geronimo.apache.org/xml/ns/plugins-1.3" xmlns:ns2="http://geronimo.apache.org/xml/ns/attributes-1.2">
    <name>Geronimo Plugins, OpenJPA :: OpenJPA</name>
    <category>Persistence</category>
    <description>This module provides OpenJPA together with all its dependencies.</description>
    <url>http://geronimo.apache.org/</url>
    <author>The Apache Geronimo development community</author>
    <license osi-approved="true">The Apache Software License, Version 2.0</license>
    <plugin-artifact>
        <module-id>
            <groupId>org.apache.geronimo.configs</groupId>
            <artifactId>openjpa</artifactId>
            <version>2.1.4</version>
            <type>car</type>
        </module-id>
        <geronimo-version>2.1.4</geronimo-version>
        <jvm-version>1.5</jvm-version>
        <jvm-version>1.6</jvm-version>
        <dependency>
            <groupId>org.apache.openjpa</groupId>
            <artifactId>openjpa</artifactId>
            <version>1.2.1</version>
            <type>jar</type>
        </dependency>
        <dependency>
            <groupId>org.apache.geronimo.modules</groupId>
            <artifactId>geronimo-openjpa</artifactId>
            <version>2.1.4</version>
            <type>jar</type>
        </dependency>
        <dependency>
            <groupId>net.sourceforge.serp</groupId>
            <artifactId>serp</artifactId>
            <version>1.11.0</version>
            <type>jar</type>
        </dependency>
        <dependency>
            <groupId>commons-collections</groupId>
            <artifactId>commons-collections</artifactId>
            <version>3.2</version>
            <type>jar</type>
        </dependency>
        <dependency>
            <groupId>commons-lang</groupId>
            <artifactId>commons-lang</artifactId>
            <version>2.3</version>
            <type>jar</type>
        </dependency>
        <dependency>
            <groupId>org.apache.geronimo.configs</groupId>
            <artifactId>transaction</artifactId>
            <version>2.1.4</version>
            <type>car</type>
        </dependency>
        <source-repository>~/.m2/repository/</source-repository>
        <source-repository>http://repo1.maven.org/maven2/</source-repository>
        <source-repository>http://people.apache.org/repo/m2-snapshot-repository/</source-repository>
        <source-repository>http://people.apache.org/repo/m2-incubating-repository/</source-repository>
        <artifact-alias key="org.apache.geronimo.configs/openjpa//car">org.apache.geronimo.configs/openjpa/2.1.4/car</artifact-alias>
        <artifact-alias key="org.apache.geronimo.configs/openjpa/2.1.3/car">org.apache.geronimo.configs/openjpa/2.1.4/car</artifact-alias>
        <artifact-alias key="org.apache.geronimo.configs/openjpa/2.1.2/car">org.apache.geronimo.configs/openjpa/2.1.4/car</artifact-alias>
        <artifact-alias key="org.apache.geronimo.configs/openjpa/2.1.1/car">org.apache.geronimo.configs/openjpa/2.1.4/car</artifact-alias>
        <artifact-alias key="org.apache.geronimo.configs/openjpa/2.1/car">org.apache.geronimo.configs/openjpa/2.1.4/car</artifact-alias>
    </plugin-artifact>
</geronimo-plugin>
