<?xml version="1.0" encoding="UTF-8" standalone="yes"?>
<geronimo-plugin xmlns="http://geronimo.apache.org/xml/ns/plugins-1.3" xmlns:ns2="http://geronimo.apache.org/xml/ns/attributes-1.2">
    <name>Geronimo Framework, Configs :: GShell Geronimo</name>
    <category>Geronimo Core</category>
    <description>Provides the GShell commands to opperate on the Geronimo Server.</description>
    <url>http://geronimo.apache.org/</url>
    <author>The Apache Geronimo development community</author>
    <license osi-approved="true">The Apache Software License, Version 2.0</license>
    <plugin-artifact>
        <module-id>
            <groupId>org.apache.geronimo.framework</groupId>
            <artifactId>gshell-geronimo</artifactId>
            <version>2.1.4</version>
            <type>car</type>
        </module-id>
        <geronimo-version>2.1.4</geronimo-version>
        <jvm-version>1.5</jvm-version>
        <jvm-version>1.6</jvm-version>
        <dependency>
            <groupId>org.apache.geronimo.framework</groupId>
            <artifactId>gshell-framework</artifactId>
            <version>2.1.4</version>
            <type>car</type>
        </dependency>
        <dependency>
            <groupId>org.apache.geronimo.framework</groupId>
            <artifactId>geronimo-commands</artifactId>
            <version>2.1.4</version>
            <type>jar</type>
        </dependency>
        <dependency>
            <groupId>org.codehaus.groovy</groupId>
            <artifactId>groovy-all-minimal</artifactId>
            <version>1.5.6</version>
            <type>jar</type>
        </dependency>
        <dependency>
            <groupId>org.apache.ant</groupId>
            <artifactId>ant</artifactId>
            <version>1.7.1</version>
            <type>jar</type>
        </dependency>
        <dependency>
            <groupId>org.apache.ant</groupId>
            <artifactId>ant-launcher</artifactId>
            <version>1.7.1</version>
            <type>jar</type>
        </dependency>
        <source-repository>~/.m2/repository/</source-repository>
        <source-repository>http://repo1.maven.org/maven2/</source-repository>
        <source-repository>http://people.apache.org/repo/m2-snapshot-repository/</source-repository>
        <artifact-alias key="org.apache.geronimo.framework/gshell-geronimo//car">org.apache.geronimo.framework/gshell-geronimo/2.1.4/car</artifact-alias>
        <artifact-alias key="org.apache.geronimo.framework/gshell-geronimo/2.1.3/car">org.apache.geronimo.framework/gshell-geronimo/2.1.4/car</artifact-alias>
        <artifact-alias key="org.apache.geronimo.framework/gshell-geronimo/2.1.2/car">org.apache.geronimo.framework/gshell-geronimo/2.1.4/car</artifact-alias>
        <artifact-alias key="org.apache.geronimo.framework/gshell-geronimo/2.1.1/car">org.apache.geronimo.framework/gshell-geronimo/2.1.4/car</artifact-alias>
        <artifact-alias key="org.apache.geronimo.framework/gshell-geronimo/2.1/car">org.apache.geronimo.framework/gshell-geronimo/2.1.4/car</artifact-alias>
    </plugin-artifact>
</geronimo-plugin>
