<?xml version="1.0" encoding="UTF-8" standalone="yes"?>
<geronimo-plugin xmlns="http://geronimo.apache.org/xml/ns/plugins-1.3" xmlns:ns2="http://geronimo.apache.org/xml/ns/attributes-1.2">
    <name>Geronimo Plugins, ActiveMQ :: Broker</name>
    <category>JMS</category>
    <description>Apache ActiveMQ integration into geronimo.  This module starts an activemq broker embedded in geronimo.</description>
    <url>http://geronimo.apache.org/</url>
    <author>The Apache Geronimo development community</author>
    <license osi-approved="true">The Apache Software License, Version 2.0</license>
    <plugin-artifact>
        <module-id>
            <groupId>org.apache.geronimo.configs</groupId>
            <artifactId>activemq-broker</artifactId>
            <version>2.1.4</version>
            <type>car</type>
        </module-id>
        <geronimo-version>2.1.4</geronimo-version>
        <jvm-version>1.5</jvm-version>
        <jvm-version>1.6</jvm-version>
        <dependency>
            <groupId>org.apache.geronimo.configs</groupId>
            <artifactId>system-database</artifactId>
            <version>2.1.4</version>
            <type>car</type>
        </dependency>
        <dependency>
            <groupId>org.apache.geronimo.modules</groupId>
            <artifactId>geronimo-activemq</artifactId>
            <version>2.1.4</version>
            <type>jar</type>
        </dependency>
        <dependency>
            <groupId>org.apache.geronimo.modules</groupId>
            <artifactId>geronimo-activemq-management</artifactId>
            <version>2.1.4</version>
            <type>jar</type>
        </dependency>
        <dependency>
            <groupId>org.apache.activemq</groupId>
            <artifactId>activemq-core</artifactId>
            <version>4.1.2-G20090207</version>
            <type>jar</type>
        </dependency>
        <dependency>
            <groupId>org.apache.activemq</groupId>
            <artifactId>activeio-core</artifactId>
            <version>3.0.1</version>
            <type>jar</type>
        </dependency>
        <dependency>
            <groupId>backport-util-concurrent</groupId>
            <artifactId>backport-util-concurrent</artifactId>
            <version>2.2</version>
            <type>jar</type>
        </dependency>
        <source-repository>~/.m2/repository/</source-repository>
        <source-repository>http://repo1.maven.org/maven2/</source-repository>
        <source-repository>http://people.apache.org/repo/m2-snapshot-repository/</source-repository>
        <source-repository>http://people.apache.org/repo/m2-incubating-repository/</source-repository>
        <config-xml-content>
            <ns2:gbean name="ActiveMQ.tcp.default">
                <ns2:attribute name="host">${ServerHostname}</ns2:attribute>
                <ns2:attribute name="port">${ActiveMQPort + PortOffset}</ns2:attribute>
            </ns2:gbean>
            <ns2:gbean name="ActiveMQ.stomp.default">
                <ns2:attribute name="host">${ServerHostname}</ns2:attribute>
                <ns2:attribute name="port">${ActiveMQStompPort + PortOffset}</ns2:attribute>
            </ns2:gbean>
        </config-xml-content>
        <artifact-alias key="org.apache.geronimo.configs/activemq-broker//car">org.apache.geronimo.configs/activemq-broker/2.1.4/car</artifact-alias>
        <artifact-alias key="org.apache.geronimo.configs/activemq-broker/2.1.3/car">org.apache.geronimo.configs/activemq-broker/2.1.4/car</artifact-alias>
        <artifact-alias key="org.apache.geronimo.configs/activemq-broker/2.1.2/car">org.apache.geronimo.configs/activemq-broker/2.1.4/car</artifact-alias>
        <artifact-alias key="org.apache.geronimo.configs/activemq-broker/2.1.1/car">org.apache.geronimo.configs/activemq-broker/2.1.4/car</artifact-alias>
        <artifact-alias key="org.apache.geronimo.configs/activemq-broker/2.1/car">org.apache.geronimo.configs/activemq-broker/2.1.4/car</artifact-alias>
        <config-substitution key="ActiveMQPort">61616</config-substitution>
        <config-substitution key="ActiveMQStompPort">61613</config-substitution>
    </plugin-artifact>
</geronimo-plugin>
