<?xml version="1.0" encoding="UTF-8" standalone="yes"?>
<geronimo-plugin xmlns="http://geronimo.apache.org/xml/ns/plugins-1.3" xmlns:ns2="http://geronimo.apache.org/xml/ns/attributes-1.2">
    <name>Geronimo Framework, Configs :: Shutdown</name>
    <category>Geronimo Core</category>
    <description>Apache Geronimo, the JavaEE server project of the Apache Software Foundation.</description>
    <url>http://geronimo.apache.org/</url>
    <author>The Apache Geronimo development community</author>
    <license osi-approved="true">The Apache Software License, Version 2.0</license>
    <plugin-artifact>
        <module-id>
            <groupId>org.apache.geronimo.framework</groupId>
            <artifactId>shutdown</artifactId>
            <version>2.1.4</version>
            <type>car</type>
        </module-id>
        <geronimo-version>2.1.4</geronimo-version>
        <jvm-version>1.5</jvm-version>
        <jvm-version>1.6</jvm-version>
        <dependency>
            <groupId>org.apache.geronimo.framework</groupId>
            <artifactId>geronimo-deploy-tool</artifactId>
            <version>2.1.4</version>
            <type>jar</type>
        </dependency>
        <dependency>
            <groupId>org.apache.geronimo.framework</groupId>
            <artifactId>geronimo-deploy-jsr88</artifactId>
            <version>2.1.4</version>
            <type>jar</type>
        </dependency>
        <dependency>
            <groupId>org.apache.geronimo.framework</groupId>
            <artifactId>geronimo-common</artifactId>
            <version>2.1.4</version>
            <type>jar</type>
        </dependency>
        <dependency>
            <groupId>org.apache.geronimo.framework</groupId>
            <artifactId>geronimo-system</artifactId>
            <version>2.1.4</version>
            <type>jar</type>
        </dependency>
        <dependency>
            <groupId>org.apache.geronimo.framework</groupId>
            <artifactId>geronimo-crypto</artifactId>
            <version>2.1.4</version>
            <type>jar</type>
        </dependency>
        <dependency>
            <groupId>commons-cli</groupId>
            <artifactId>commons-cli</artifactId>
            <version>1.0</version>
            <type>jar</type>
        </dependency>
        <dependency>
            <groupId>jline</groupId>
            <artifactId>jline</artifactId>
            <version>0.9.94</version>
            <type>jar</type>
        </dependency>
        <source-repository>~/.m2/repository/</source-repository>
        <source-repository>http://repo1.maven.org/maven2/</source-repository>
        <source-repository>http://people.apache.org/repo/m2-snapshot-repository/</source-repository>
        <config-xml-content load="false"/>
        <artifact-alias key="org.apache.geronimo.framework/shutdown//car">org.apache.geronimo.framework/shutdown/2.1.4/car</artifact-alias>
        <artifact-alias key="org.apache.geronimo.framework/shutdown/2.1.3/car">org.apache.geronimo.framework/shutdown/2.1.4/car</artifact-alias>
        <artifact-alias key="org.apache.geronimo.framework/shutdown/2.1.2/car">org.apache.geronimo.framework/shutdown/2.1.4/car</artifact-alias>
        <artifact-alias key="org.apache.geronimo.framework/shutdown/2.1.1/car">org.apache.geronimo.framework/shutdown/2.1.4/car</artifact-alias>
        <artifact-alias key="org.apache.geronimo.framework/shutdown/2.1/car">org.apache.geronimo.framework/shutdown/2.1.4/car</artifact-alias>
    </plugin-artifact>
</geronimo-plugin>
