<?xml version="1.0" encoding="UTF-8" standalone="yes"?>
<geronimo-plugin xmlns="http://geronimo.apache.org/xml/ns/plugins-1.3" xmlns:ns2="http://geronimo.apache.org/xml/ns/attributes-1.2">
    <name>Geronimo Plugins, JAXWS :: EJB Deployer</name>
    <category>Web Services</category>
    <description>Base configuration for JAX-WS EJB Web services.</description>
    <url>http://geronimo.apache.org/</url>
    <author>The Apache Geronimo development community</author>
    <license osi-approved="true">The Apache Software License, Version 2.0</license>
    <plugin-artifact>
        <module-id>
            <groupId>org.apache.geronimo.configs</groupId>
            <artifactId>jaxws-ejb-deployer</artifactId>
            <version>2.1.4</version>
            <type>car</type>
        </module-id>
        <geronimo-version>2.1.4</geronimo-version>
        <jvm-version>1.5</jvm-version>
        <jvm-version>1.6</jvm-version>
        <dependency>
            <groupId>org.apache.geronimo.configs</groupId>
            <artifactId>jaxws-deployer</artifactId>
            <version>2.1.4</version>
            <type>car</type>
        </dependency>
        <dependency>
            <groupId>org.apache.geronimo.configs</groupId>
            <artifactId>openejb-deployer</artifactId>
            <version>2.1.4</version>
            <type>car</type>
        </dependency>
        <dependency>
            <groupId>org.apache.geronimo.modules</groupId>
            <artifactId>geronimo-jaxws-ejb-builder</artifactId>
            <version>2.1.4</version>
            <type>jar</type>
        </dependency>
        <source-repository>~/.m2/repository/</source-repository>
        <source-repository>http://repo1.maven.org/maven2/</source-repository>
        <source-repository>http://people.apache.org/repo/m2-snapshot-repository/</source-repository>
        <source-repository>http://people.apache.org/repo/m2-incubating-repository/</source-repository>
        <artifact-alias key="org.apache.geronimo.configs/jaxws-ejb-deployer//car">org.apache.geronimo.configs/jaxws-ejb-deployer/2.1.4/car</artifact-alias>
        <artifact-alias key="org.apache.geronimo.configs/jaxws-ejb-deployer/2.1.3/car">org.apache.geronimo.configs/jaxws-ejb-deployer/2.1.4/car</artifact-alias>
        <artifact-alias key="org.apache.geronimo.configs/jaxws-ejb-deployer/2.1.2/car">org.apache.geronimo.configs/jaxws-ejb-deployer/2.1.4/car</artifact-alias>
        <artifact-alias key="org.apache.geronimo.configs/jaxws-ejb-deployer/2.1.1/car">org.apache.geronimo.configs/jaxws-ejb-deployer/2.1.4/car</artifact-alias>
        <artifact-alias key="org.apache.geronimo.configs/jaxws-ejb-deployer/2.1/car">org.apache.geronimo.configs/jaxws-ejb-deployer/2.1.4/car</artifact-alias>
    </plugin-artifact>
</geronimo-plugin>
