<?xml version="1.0" encoding="UTF-8" standalone="yes"?>
<geronimo-plugin xmlns="http://geronimo.apache.org/xml/ns/plugins-1.3" xmlns:ns2="http://geronimo.apache.org/xml/ns/attributes-1.2">
    <name>Geronimo Framework, Configs :: CLI Upgrade</name>
    <category>Deployment</category>
    <description>Apache Geronimo, the JavaEE server project of the Apache Software Foundation.</description>
    <url>http://geronimo.apache.org/</url>
    <author>The Apache Geronimo development community</author>
    <license osi-approved="true">The Apache Software License, Version 2.0</license>
    <plugin-artifact>
        <module-id>
            <groupId>org.apache.geronimo.framework</groupId>
            <artifactId>upgrade-cli</artifactId>
            <version>2.1.4</version>
            <type>car</type>
        </module-id>
        <geronimo-version>2.1.4</geronimo-version>
        <jvm-version>1.5</jvm-version>
        <jvm-version>1.6</jvm-version>
        <dependency>
            <groupId>org.apache.geronimo.framework</groupId>
            <artifactId>geronimo-gbean-deployer</artifactId>
            <version>2.1.4</version>
            <type>car</type>
        </dependency>
        <dependency>
            <groupId>cglib</groupId>
            <artifactId>cglib-nodep</artifactId>
            <version>2.1_3</version>
            <type>jar</type>
        </dependency>
        <dependency>
            <groupId>commons-logging</groupId>
            <artifactId>commons-logging</artifactId>
            <version>1.0.4</version>
            <type>jar</type>
        </dependency>
        <dependency>
            <groupId>log4j</groupId>
            <artifactId>log4j</artifactId>
            <version>1.2.14</version>
            <type>jar</type>
        </dependency>
        <dependency>
            <groupId>com.thoughtworks.xstream</groupId>
            <artifactId>xstream</artifactId>
            <version>1.2.2</version>
            <type>jar</type>
        </dependency>
        <dependency>
            <groupId>xpp3</groupId>
            <artifactId>xpp3</artifactId>
            <version>1.1.3.4.O</version>
            <type>jar</type>
        </dependency>
        <dependency>
            <groupId>org.apache.geronimo.framework</groupId>
            <artifactId>geronimo-upgrade</artifactId>
            <version>2.1.4</version>
            <type>jar</type>
        </dependency>
        <dependency>
            <groupId>org.apache.geronimo.framework</groupId>
            <artifactId>geronimo-service-builder</artifactId>
            <version>2.1.4</version>
            <type>jar</type>
        </dependency>
        <source-repository>~/.m2/repository/</source-repository>
        <source-repository>http://repo1.maven.org/maven2/</source-repository>
        <source-repository>http://people.apache.org/repo/m2-snapshot-repository/</source-repository>
        <config-xml-content load="false"/>
        <artifact-alias key="org.apache.geronimo.framework/upgrade-cli//car">org.apache.geronimo.framework/upgrade-cli/2.1.4/car</artifact-alias>
        <artifact-alias key="org.apache.geronimo.framework/upgrade-cli/2.1.3/car">org.apache.geronimo.framework/upgrade-cli/2.1.4/car</artifact-alias>
        <artifact-alias key="org.apache.geronimo.framework/upgrade-cli/2.1.2/car">org.apache.geronimo.framework/upgrade-cli/2.1.4/car</artifact-alias>
        <artifact-alias key="org.apache.geronimo.framework/upgrade-cli/2.1.1/car">org.apache.geronimo.framework/upgrade-cli/2.1.4/car</artifact-alias>
        <artifact-alias key="org.apache.geronimo.framework/upgrade-cli/2.1/car">org.apache.geronimo.framework/upgrade-cli/2.1.4/car</artifact-alias>
    </plugin-artifact>
</geronimo-plugin>
