<?xml version="1.0" encoding="UTF-8" standalone="yes"?>
<geronimo-plugin xmlns="http://geronimo.apache.org/xml/ns/plugins-1.3" xmlns:ns2="http://geronimo.apache.org/xml/ns/attributes-1.2">
    <name>Geronimo Plugins, System Database :: System Database</name>
    <category>Geronimo Core</category>
    <description>System database plugin for geronimo. This provides system databse together with its dependencies as one dependency.</description>
    <url>http://geronimo.apache.org/</url>
    <author>The Apache Geronimo development community</author>
    <license osi-approved="true">The Apache Software License, Version 2.0</license>
    <plugin-artifact>
        <module-id>
            <groupId>org.apache.geronimo.configs</groupId>
            <artifactId>system-database</artifactId>
            <version>2.1.4</version>
            <type>car</type>
        </module-id>
        <geronimo-version>2.1.4</geronimo-version>
        <jvm-version>1.5</jvm-version>
        <jvm-version>1.6</jvm-version>
        <dependency>
            <groupId>org.apache.geronimo.configs</groupId>
            <artifactId>derby</artifactId>
            <version>2.1.4</version>
            <type>car</type>
        </dependency>
        <dependency>
            <groupId>org.apache.geronimo.configs</groupId>
            <artifactId>transaction</artifactId>
            <version>2.1.4</version>
            <type>car</type>
        </dependency>
        <dependency>
            <groupId>org.apache.geronimo.modules</groupId>
            <artifactId>geronimo-derby</artifactId>
            <version>2.1.4</version>
            <type>jar</type>
        </dependency>
        <dependency>
            <groupId>org.apache.geronimo.modules</groupId>
            <artifactId>geronimo-timer</artifactId>
            <version>2.1.4</version>
            <type>jar</type>
        </dependency>
        <dependency>
            <groupId>org.tranql</groupId>
            <artifactId>tranql-connector-derby-embed-xa</artifactId>
            <version>1.4</version>
            <type>rar</type>
        </dependency>
        <dependency>
            <groupId>org.apache.geronimo.configs</groupId>
            <artifactId>transaction</artifactId>
            <type>car</type>
        </dependency>
        <dependency>
            <groupId>org.apache.geronimo.configs</groupId>
            <artifactId>j2ee-server</artifactId>
            <type>car</type>
        </dependency>
        <source-repository>~/.m2/repository/</source-repository>
        <source-repository>http://repo1.maven.org/maven2/</source-repository>
        <source-repository>http://people.apache.org/repo/m2-snapshot-repository/</source-repository>
        <source-repository>http://people.apache.org/repo/m2-incubating-repository/</source-repository>
        <config-xml-content>
            <ns2:gbean name="DerbyNetwork">
                <ns2:attribute name="host">${ServerHostname}</ns2:attribute>
                <ns2:attribute name="port">${DerbyPort + PortOffset}</ns2:attribute>
            </ns2:gbean>
        </config-xml-content>
        <artifact-alias key="org.apache.geronimo.configs/system-database//car">org.apache.geronimo.configs/system-database/2.1.4/car</artifact-alias>
        <artifact-alias key="org.apache.geronimo.configs/system-database/2.1.3/car">org.apache.geronimo.configs/system-database/2.1.4/car</artifact-alias>
        <artifact-alias key="org.apache.geronimo.configs/system-database/2.1.2/car">org.apache.geronimo.configs/system-database/2.1.4/car</artifact-alias>
        <artifact-alias key="org.apache.geronimo.configs/system-database/2.1.1/car">org.apache.geronimo.configs/system-database/2.1.4/car</artifact-alias>
        <artifact-alias key="org.apache.geronimo.configs/system-database/2.1/car">org.apache.geronimo.configs/system-database/2.1.4/car</artifact-alias>
        <config-substitution key="DerbyPort">1527</config-substitution>
    </plugin-artifact>
</geronimo-plugin>
