<?xml version="1.0" encoding="UTF-8" standalone="yes"?>
<geronimo-plugin xmlns="http://geronimo.apache.org/xml/ns/plugins-1.3" xmlns:ns2="http://geronimo.apache.org/xml/ns/attributes-1.2">
    <name>Geronimo Plugins, AXIS :: AXIS</name>
    <category>Web Services</category>
    <description>Apache Axis 1 integration.</description>
    <url>http://geronimo.apache.org/</url>
    <author>The Apache Geronimo development community</author>
    <license osi-approved="true">The Apache Software License, Version 2.0</license>
    <plugin-artifact>
        <module-id>
            <groupId>org.apache.geronimo.configs</groupId>
            <artifactId>axis</artifactId>
            <version>2.1.4</version>
            <type>car</type>
        </module-id>
        <geronimo-version>2.1.4</geronimo-version>
        <jvm-version>1.5</jvm-version>
        <jvm-version>1.6</jvm-version>
        <dependency>
            <groupId>org.apache.geronimo.framework</groupId>
            <artifactId>server-security-config</artifactId>
            <version>2.1.4</version>
            <type>car</type>
        </dependency>
        <dependency>
            <groupId>org.apache.geronimo.configs</groupId>
            <artifactId>webservices-common</artifactId>
            <version>2.1.4</version>
            <type>car</type>
        </dependency>
        <dependency>
            <groupId>org.apache.geronimo.modules</groupId>
            <artifactId>geronimo-axis</artifactId>
            <version>2.1.4</version>
            <type>jar</type>
        </dependency>
        <dependency>
            <groupId>axis</groupId>
            <artifactId>axis</artifactId>
            <version>1.4</version>
            <type>jar</type>
        </dependency>
        <dependency>
            <groupId>org.apache.openejb</groupId>
            <artifactId>openejb-axis</artifactId>
            <version>3.0.1</version>
            <type>jar</type>
        </dependency>
        <dependency>
            <groupId>commons-discovery</groupId>
            <artifactId>commons-discovery</artifactId>
            <version>0.4</version>
            <type>jar</type>
        </dependency>
        <dependency>
            <groupId>org.apache.ws.scout</groupId>
            <artifactId>scout</artifactId>
            <version>1.0rc1</version>
            <type>jar</type>
        </dependency>
        <dependency>
            <groupId>org.apache.geronimo.configs</groupId>
            <artifactId>openejb</artifactId>
            <version>2.1.4</version>
            <type>car</type>
        </dependency>
        <source-repository>~/.m2/repository/</source-repository>
        <source-repository>http://repo1.maven.org/maven2/</source-repository>
        <source-repository>http://people.apache.org/repo/m2-snapshot-repository/</source-repository>
        <source-repository>http://people.apache.org/repo/m2-incubating-repository/</source-repository>
        <artifact-alias key="org.apache.geronimo.configs/axis//car">org.apache.geronimo.configs/axis/2.1.4/car</artifact-alias>
        <artifact-alias key="org.apache.geronimo.configs/axis/2.1.3/car">org.apache.geronimo.configs/axis/2.1.4/car</artifact-alias>
        <artifact-alias key="org.apache.geronimo.configs/axis/2.1.2/car">org.apache.geronimo.configs/axis/2.1.4/car</artifact-alias>
        <artifact-alias key="org.apache.geronimo.configs/axis/2.1.1/car">org.apache.geronimo.configs/axis/2.1.4/car</artifact-alias>
        <artifact-alias key="org.apache.geronimo.configs/axis/2.1/car">org.apache.geronimo.configs/axis/2.1.4/car</artifact-alias>
    </plugin-artifact>
</geronimo-plugin>
