<?xml version="1.0" encoding="UTF-8"?>
<application xmlns="http://java.sun.com/xml/ns/javaee" xmlns:xsi="http://www.w3.org/2001/XMLSchema-instance" xsi:schemaLocation="http://java.sun.com/xml/ns/javaee http://java.sun.com/xml/ns/javaee/application_5.xsd" version="5">
  <description>DayTrader Stock Trading Performance Benchmark Sample</description>
  <display-name>DayTrader EAR</display-name>
  <module>
    <web>
      <web-uri>web.war</web-uri>
      <context-root>/daytrader</context-root>
    </web>
  </module>
  <module>
    <ejb>dt-ejb.jar</ejb>
  </module>
  <module>
    <java>streamer.jar</java>
  </module>
  <module>
    <java>wsappclient.jar</java>
  </module>
  <module>
    <java>dacapo.jar</java>
  </module>
</application>