<?xml version="1.0" encoding="UTF-8" standalone="yes"?>
<geronimo-plugin xmlns="http://geronimo.apache.org/xml/ns/plugins-1.3" xmlns:ns2="http://geronimo.apache.org/xml/ns/attributes-1.2">
    <name>Geronimo Plugins, CXF :: CXF</name>
    <category>Web Services</category>
    <description>Geronimo Web Services Apache CXF integration</description>
    <url>http://geronimo.apache.org/</url>
    <author>The Apache Geronimo development community</author>
    <license osi-approved="true">The Apache Software License, Version 2.0</license>
    <plugin-artifact>
        <module-id>
            <groupId>org.apache.geronimo.configs</groupId>
            <artifactId>cxf</artifactId>
            <version>2.1.4</version>
            <type>car</type>
        </module-id>
        <geronimo-version>2.1.4</geronimo-version>
        <jvm-version>1.5</jvm-version>
        <jvm-version>1.6</jvm-version>
        <dependency>
            <groupId>org.apache.geronimo.configs</groupId>
            <artifactId>j2ee-server</artifactId>
            <version>2.1.4</version>
            <type>car</type>
        </dependency>
        <dependency>
            <groupId>org.apache.geronimo.framework</groupId>
            <artifactId>server-security-config</artifactId>
            <version>2.1.4</version>
            <type>car</type>
        </dependency>
        <dependency>
            <groupId>org.apache.geronimo.configs</groupId>
            <artifactId>webservices-common</artifactId>
            <version>2.1.4</version>
            <type>car</type>
        </dependency>
        <dependency>
            <groupId>org.apache.geronimo.configs</groupId>
            <artifactId>transaction</artifactId>
            <version>2.1.4</version>
            <type>car</type>
        </dependency>
        <dependency>
            <groupId>org.apache.geronimo.configs</groupId>
            <artifactId>spring</artifactId>
            <version>2.1.4</version>
            <type>car</type>
        </dependency>
        <dependency>
            <groupId>org.apache.geronimo.modules</groupId>
            <artifactId>geronimo-cxf</artifactId>
            <version>2.1.4</version>
            <type>jar</type>
        </dependency>
        <dependency>
            <groupId>org.apache.cxf</groupId>
            <artifactId>cxf-api</artifactId>
            <version>2.0.8</version>
            <type>jar</type>
        </dependency>
        <dependency>
            <groupId>org.apache.cxf</groupId>
            <artifactId>cxf-common-utilities</artifactId>
            <version>2.0.8</version>
            <type>jar</type>
        </dependency>
        <dependency>
            <groupId>org.apache.cxf</groupId>
            <artifactId>cxf-rt-bindings-soap</artifactId>
            <version>2.0.8</version>
            <type>jar</type>
        </dependency>
        <dependency>
            <groupId>org.apache.cxf</groupId>
            <artifactId>cxf-rt-bindings-xml</artifactId>
            <version>2.0.8</version>
            <type>jar</type>
        </dependency>
        <dependency>
            <groupId>org.apache.cxf</groupId>
            <artifactId>cxf-rt-core</artifactId>
            <version>2.0.8</version>
            <type>jar</type>
        </dependency>
        <dependency>
            <groupId>org.apache.cxf</groupId>
            <artifactId>cxf-rt-databinding-jaxb</artifactId>
            <version>2.0.8</version>
            <type>jar</type>
        </dependency>
        <dependency>
            <groupId>org.apache.cxf</groupId>
            <artifactId>cxf-rt-frontend-jaxws</artifactId>
            <version>2.0.8</version>
            <type>jar</type>
        </dependency>
        <dependency>
            <groupId>org.apache.cxf</groupId>
            <artifactId>cxf-rt-frontend-simple</artifactId>
            <version>2.0.8</version>
            <type>jar</type>
        </dependency>
        <dependency>
            <groupId>org.apache.cxf</groupId>
            <artifactId>cxf-rt-transports-http</artifactId>
            <version>2.0.8</version>
            <type>jar</type>
        </dependency>
        <dependency>
            <groupId>org.apache.cxf</groupId>
            <artifactId>cxf-tools-common</artifactId>
            <version>2.0.8</version>
            <type>jar</type>
        </dependency>
        <dependency>
            <groupId>org.apache.ws.commons.schema</groupId>
            <artifactId>XmlSchema</artifactId>
            <version>1.4.2</version>
            <type>jar</type>
        </dependency>
        <dependency>
            <groupId>xml-resolver</groupId>
            <artifactId>xml-resolver</artifactId>
            <version>1.1</version>
            <type>jar</type>
        </dependency>
        <dependency>
            <groupId>org.apache.neethi</groupId>
            <artifactId>neethi</artifactId>
            <version>2.0</version>
            <type>jar</type>
        </dependency>
        <source-repository>~/.m2/repository/</source-repository>
        <source-repository>http://repo1.maven.org/maven2/</source-repository>
        <source-repository>http://people.apache.org/repo/m2-snapshot-repository/</source-repository>
        <source-repository>http://people.apache.org/repo/m2-incubating-repository/</source-repository>
        <artifact-alias key="org.apache.geronimo.configs/cxf//car">org.apache.geronimo.configs/cxf/2.1.4/car</artifact-alias>
        <artifact-alias key="org.apache.geronimo.configs/cxf/2.1.3/car">org.apache.geronimo.configs/cxf/2.1.4/car</artifact-alias>
        <artifact-alias key="org.apache.geronimo.configs/cxf/2.1.2/car">org.apache.geronimo.configs/cxf/2.1.4/car</artifact-alias>
        <artifact-alias key="org.apache.geronimo.configs/cxf/2.1.1/car">org.apache.geronimo.configs/cxf/2.1.4/car</artifact-alias>
        <artifact-alias key="org.apache.geronimo.configs/cxf/2.1/car">org.apache.geronimo.configs/cxf/2.1.4/car</artifact-alias>
    </plugin-artifact>
</geronimo-plugin>
