<?xml version="1.0" encoding="UTF-8" standalone="yes"?>
<geronimo-plugin xmlns="http://geronimo.apache.org/xml/ns/plugins-1.3" xmlns:ns2="http://geronimo.apache.org/xml/ns/attributes-1.2">
    <name>Geronimo Plugins, OpenEJB :: OpenEJB</name>
    <category>EJB Container</category>
    <description>Geronimo integration of the OpenEJB  ejb container.</description>
    <url>http://geronimo.apache.org/</url>
    <author>The Apache Geronimo development community</author>
    <license osi-approved="true">The Apache Software License, Version 2.0</license>
    <plugin-artifact>
        <module-id>
            <groupId>org.apache.geronimo.configs</groupId>
            <artifactId>openejb</artifactId>
            <version>2.1.4</version>
            <type>car</type>
        </module-id>
        <geronimo-version>2.1.4</geronimo-version>
        <jvm-version>1.5</jvm-version>
        <jvm-version>1.6</jvm-version>
        <dependency>
            <groupId>org.apache.geronimo.configs</groupId>
            <artifactId>j2ee-server</artifactId>
            <version>2.1.4</version>
            <type>car</type>
        </dependency>
        <dependency>
            <groupId>org.apache.geronimo.framework</groupId>
            <artifactId>server-security-config</artifactId>
            <version>2.1.4</version>
            <type>car</type>
        </dependency>
        <dependency>
            <groupId>org.apache.geronimo.configs</groupId>
            <artifactId>transaction</artifactId>
            <version>2.1.4</version>
            <type>car</type>
        </dependency>
        <dependency>
            <groupId>org.apache.geronimo.configs</groupId>
            <artifactId>system-database</artifactId>
            <version>2.1.4</version>
            <type>car</type>
        </dependency>
        <dependency>
            <groupId>org.apache.geronimo.configs</groupId>
            <artifactId>activemq-broker</artifactId>
            <version>2.1.4</version>
            <type>car</type>
        </dependency>
        <dependency>
            <groupId>org.apache.openejb</groupId>
            <artifactId>openejb-core</artifactId>
            <version>3.0.1</version>
            <type>jar</type>
        </dependency>
        <dependency>
            <groupId>org.apache.geronimo.modules</groupId>
            <artifactId>geronimo-openejb</artifactId>
            <version>2.1.4</version>
            <type>jar</type>
        </dependency>
        <dependency>
            <groupId>org.apache.geronimo.configs</groupId>
            <artifactId>openjpa</artifactId>
            <version>2.1.4</version>
            <type>car</type>
        </dependency>
        <dependency>
            <groupId>org.apache.yoko</groupId>
            <artifactId>yoko-spec-corba</artifactId>
            <version>1.0</version>
            <type>jar</type>
        </dependency>
        <dependency>
            <groupId>org.apache.geronimo.configs</groupId>
            <artifactId>webservices-common</artifactId>
            <version>2.1.4</version>
            <type>car</type>
        </dependency>
        <dependency>
            <groupId>org.apache.xbean</groupId>
            <artifactId>xbean-finder</artifactId>
            <version>3.5</version>
            <type>jar</type>
        </dependency>
        <source-repository>~/.m2/repository/</source-repository>
        <source-repository>http://repo1.maven.org/maven2/</source-repository>
        <source-repository>http://people.apache.org/repo/m2-snapshot-repository/</source-repository>
        <source-repository>http://people.apache.org/repo/m2-incubating-repository/</source-repository>
        <copy-file relative-to="geronimo" dest-dir="">schema</copy-file>
        <config-xml-content>
            <ns2:gbean name="EJBNetworkService">
                <ns2:attribute name="port">${OpenEJBPort + PortOffset}</ns2:attribute>
                <ns2:attribute name="host">${ServerHostname}</ns2:attribute>
            </ns2:gbean>
        </config-xml-content>
        <artifact-alias key="org.apache.geronimo.configs/openejb//car">org.apache.geronimo.configs/openejb/2.1.4/car</artifact-alias>
        <artifact-alias key="org.apache.geronimo.configs/openejb/2.1.3/car">org.apache.geronimo.configs/openejb/2.1.4/car</artifact-alias>
        <artifact-alias key="org.apache.geronimo.configs/openejb/2.1.2/car">org.apache.geronimo.configs/openejb/2.1.4/car</artifact-alias>
        <artifact-alias key="org.apache.geronimo.configs/openejb/2.1.1/car">org.apache.geronimo.configs/openejb/2.1.4/car</artifact-alias>
        <artifact-alias key="org.apache.geronimo.configs/openejb/2.1/car">org.apache.geronimo.configs/openejb/2.1.4/car</artifact-alias>
        <config-substitution key="OpenEJBPort">4201</config-substitution>
    </plugin-artifact>
</geronimo-plugin>
