<?xml version="1.0" encoding="UTF-8" standalone="yes"?>
<geronimo-plugin xmlns="http://geronimo.apache.org/xml/ns/plugins-1.3" xmlns:ns2="http://geronimo.apache.org/xml/ns/attributes-1.2">
    <name>Geronimo Plugins, Web Services :: Common</name>
    <category>Web Services</category>
    <description>Common classes for all web services provider integrations.</description>
    <url>http://geronimo.apache.org/</url>
    <author>The Apache Geronimo development community</author>
    <license osi-approved="true">The Apache Software License, Version 2.0</license>
    <plugin-artifact>
        <module-id>
            <groupId>org.apache.geronimo.configs</groupId>
            <artifactId>webservices-common</artifactId>
            <version>2.1.4</version>
            <type>car</type>
        </module-id>
        <geronimo-version>2.1.4</geronimo-version>
        <jvm-version>1.5</jvm-version>
        <jvm-version>1.6</jvm-version>
        <dependency>
            <groupId>org.apache.geronimo.configs</groupId>
            <artifactId>j2ee-server</artifactId>
            <version>2.1.4</version>
            <type>car</type>
        </dependency>
        <dependency>
            <groupId>org.apache.geronimo.framework</groupId>
            <artifactId>j2ee-security</artifactId>
            <version>2.1.4</version>
            <type>car</type>
        </dependency>
        <dependency>
            <groupId>org.apache.geronimo.framework</groupId>
            <artifactId>xmlbeans</artifactId>
            <version>2.1.4</version>
            <type>car</type>
        </dependency>
        <dependency>
            <groupId>org.apache.geronimo.modules</groupId>
            <artifactId>geronimo-jaxws</artifactId>
            <version>2.1.4</version>
            <type>jar</type>
        </dependency>
        <dependency>
            <groupId>org.apache.geronimo.modules</groupId>
            <artifactId>geronimo-webservices</artifactId>
            <version>2.1.4</version>
            <type>jar</type>
        </dependency>
        <dependency>
            <groupId>wsdl4j</groupId>
            <artifactId>wsdl4j</artifactId>
            <version>1.6.2</version>
            <type>jar</type>
        </dependency>
        <dependency>
            <groupId>woodstox</groupId>
            <artifactId>wstx-asl</artifactId>
            <version>3.2.1</version>
            <type>jar</type>
        </dependency>
        <dependency>
            <groupId>com.sun.xml.bind</groupId>
            <artifactId>jaxb-impl</artifactId>
            <version>2.0.5</version>
            <type>jar</type>
        </dependency>
        <dependency>
            <groupId>com.sun.xml.messaging.saaj</groupId>
            <artifactId>saaj-impl</artifactId>
            <version>1.3.2</version>
            <type>jar</type>
        </dependency>
        <source-repository>~/.m2/repository/</source-repository>
        <source-repository>http://repo1.maven.org/maven2/</source-repository>
        <source-repository>http://people.apache.org/repo/m2-snapshot-repository/</source-repository>
        <source-repository>http://people.apache.org/repo/m2-incubating-repository/</source-repository>
        <artifact-alias key="org.apache.geronimo.configs/webservices-common//car">org.apache.geronimo.configs/webservices-common/2.1.4/car</artifact-alias>
        <artifact-alias key="org.apache.geronimo.configs/webservices-common/2.1.3/car">org.apache.geronimo.configs/webservices-common/2.1.4/car</artifact-alias>
        <artifact-alias key="org.apache.geronimo.configs/webservices-common/2.1.2/car">org.apache.geronimo.configs/webservices-common/2.1.4/car</artifact-alias>
        <artifact-alias key="org.apache.geronimo.configs/webservices-common/2.1.1/car">org.apache.geronimo.configs/webservices-common/2.1.4/car</artifact-alias>
        <artifact-alias key="org.apache.geronimo.configs/webservices-common/2.1/car">org.apache.geronimo.configs/webservices-common/2.1.4/car</artifact-alias>
    </plugin-artifact>
</geronimo-plugin>
