<?xml version="1.0" encoding="UTF-8" standalone="yes"?>
<attributes xmlns:ns2="http://geronimo.apache.org/xml/ns/plugins-1.3" xmlns="http://geronimo.apache.org/xml/ns/attributes-1.2">
    <comment>
==================================================================
Warning - This XML file is regenerated by Geronimo whenever
changes are made to Geronimo's configuration.

If you want to include comments, create a single comment element
element.  They are allowable at any level of the configuration.

!!!! Do not edit this file while Geronimo is running !!!!
==================================================================</comment>
    <module name="org.apache.geronimo.framework/jsr88-deploymentfactory/2.1.4/car" load="false"/>
    <module name="org.apache.geronimo.framework/jsr88-cli/2.1.4/car"/>
    <module name="org.apache.geronimo.configs/jsr88-rar-configurer/2.1.4/car"/>
    <module name="org.apache.geronimo.configs/jsr88-war-configurer/2.1.4/car"/>
    <module name="org.apache.geronimo.configs/jsr88-ear-configurer/2.1.4/car"/>
    <module name="org.apache.geronimo.configs/jsr88-jar-configurer/2.1.4/car"/>
</attributes>
