<?xml version="1.0" encoding="UTF-8" standalone="yes"?>
<attributes xmlns:ns2="http://geronimo.apache.org/xml/ns/plugins-1.3" xmlns="http://geronimo.apache.org/xml/ns/attributes-1.2">
    <comment>
==================================================================
Warning - This XML file is regenerated by Geronimo whenever
changes are made to Geronimo's configuration.

If you want to include comments, create a single comment element
element.  They are allowable at any level of the configuration.

!!!! Do not edit this file while Geronimo is running !!!!
==================================================================</comment>
    <module name="org.apache.geronimo.framework/geronimo-gbean-deployer/2.1.4/car"/>
    <module name="org.apache.geronimo.configs/jasper-deployer/2.1.4/car"/>
    <module name="org.apache.geronimo.configs/j2ee-deployer/2.1.4/car">
        <gbean name="WebBuilder">
            <attribute name="defaultNamespace">http://geronimo.apache.org/xml/ns/j2ee/web/jetty-2.0</attribute>
        </gbean>
        <gbean name="EnvironmentEntryBuilder">
            <attribute name="eeNamespaces">http://java.sun.com/xml/ns/j2ee,http://java.sun.com/xml/ns/javaee</attribute>
        </gbean>
    </module>
    <module name="org.apache.geronimo.configs/connector-deployer/2.1.4/car"/>
    <module name="org.apache.geronimo.configs/jetty6-deployer/2.1.4/car"/>
    <module name="org.apache.geronimo.configs/client-deployer/2.1.4/car"/>
    <module name="org.apache.geronimo.configs/cxf-deployer/2.1.4/car" condition="props['org.apache.geronimo.jaxws.provider'] == 'cxf' or (props['org.apache.geronimo.jaxws.provider'] == null and webcontainerName == 'jetty6')"/>
    <module name="org.apache.geronimo.configs/cxf-ejb-deployer/2.1.4/car" condition="props['org.apache.geronimo.jaxws.provider'] == 'cxf' or (props['org.apache.geronimo.jaxws.provider'] == null and webcontainerName == 'jetty6')"/>
    <module name="org.apache.geronimo.configs/openejb-deployer/2.1.4/car">
        <gbean name="EjbRefBuilder">
            <attribute name="eeNamespaces">http://java.sun.com/xml/ns/j2ee,http://java.sun.com/xml/ns/javaee</attribute>
        </gbean>
        <gbean name="ClientEjbRefBuilder">
            <attribute name="eeNamespaces">http://java.sun.com/xml/ns/j2ee,http://java.sun.com/xml/ns/javaee</attribute>
            <attribute name="host">${ServerHostname}</attribute>
            <attribute name="port">${OpenEJBPort + PortOffset}</attribute>
        </gbean>
    </module>
</attributes>
