<?xml version="1.0" encoding="UTF-8" standalone="yes"?>
<geronimo-plugin xmlns="http://geronimo.apache.org/xml/ns/plugins-1.3" xmlns:ns2="http://geronimo.apache.org/xml/ns/attributes-1.2">
    <name>Geronimo Plugins, Connector :: Deployer</name>
    <category>Connector</category>
    <description>Deployer for J2CA connectors</description>
    <url>http://geronimo.apache.org/</url>
    <author>The Apache Geronimo development community</author>
    <license osi-approved="true">The Apache Software License, Version 2.0</license>
    <plugin-artifact>
        <module-id>
            <groupId>org.apache.geronimo.configs</groupId>
            <artifactId>connector-deployer</artifactId>
            <version>2.1.4</version>
            <type>car</type>
        </module-id>
        <geronimo-version>2.1.4</geronimo-version>
        <jvm-version>1.5</jvm-version>
        <jvm-version>1.6</jvm-version>
        <dependency>
            <groupId>org.apache.geronimo.modules</groupId>
            <artifactId>geronimo-connector-builder</artifactId>
            <version>2.1.4</version>
            <type>jar</type>
        </dependency>
        <dependency>
            <groupId>org.apache.geronimo.configs</groupId>
            <artifactId>transaction</artifactId>
            <version>2.1.4</version>
            <type>car</type>
        </dependency>
        <dependency>
            <groupId>org.apache.geronimo.configs</groupId>
            <artifactId>j2ee-deployer</artifactId>
            <version>2.1.4</version>
            <type>car</type>
        </dependency>
        <source-repository>~/.m2/repository/</source-repository>
        <source-repository>http://repo1.maven.org/maven2/</source-repository>
        <source-repository>http://people.apache.org/repo/m2-snapshot-repository/</source-repository>
        <source-repository>http://people.apache.org/repo/m2-incubating-repository/</source-repository>
        <config-xml-content>
            <ns2:gbean name="ResourceRefBuilder">
                <ns2:attribute name="eeNamespaces">http://java.sun.com/xml/ns/j2ee,http://java.sun.com/xml/ns/javaee</ns2:attribute>
                <ns2:attribute propertyEditor="org.apache.geronimo.deployment.service.EnvironmentBuilder" name="corbaEnvironment">
                    <environment:environment xmlns:environment="http://geronimo.apache.org/xml/ns/deployment-1.2">
                        <environment:dependencies>
                            <environment:dependency>
<environment:groupId>org.apache.geronimo.configs</environment:groupId>
<environment:artifactId>j2ee-corba-yoko</environment:artifactId>
<environment:type>car</environment:type>
            </environment:dependency>
          </environment:dependencies>
        </environment:environment>
      </ns2:attribute>
            </ns2:gbean>
            <ns2:gbean name="AdminObjectRefBuilder">
                <ns2:attribute name="eeNamespaces">http://java.sun.com/xml/ns/j2ee,http://java.sun.com/xml/ns/javaee</ns2:attribute>
            </ns2:gbean>
            <ns2:gbean name="ClientResourceRefBuilder">
                <ns2:attribute name="eeNamespaces">http://java.sun.com/xml/ns/j2ee,http://java.sun.com/xml/ns/javaee</ns2:attribute>
                <ns2:attribute propertyEditor="org.apache.geronimo.deployment.service.EnvironmentBuilder" name="corbaEnvironment">
                    <environment:environment xmlns:environment="http://geronimo.apache.org/xml/ns/deployment-1.2">
                        <environment:dependencies>
                            <environment:dependency>
<environment:groupId>org.apache.geronimo.configs</environment:groupId>
<environment:artifactId>client-corba-yoko</environment:artifactId>
<environment:type>car</environment:type>
            </environment:dependency>
          </environment:dependencies>
        </environment:environment>
      </ns2:attribute>
            </ns2:gbean>
        </config-xml-content>
        <config-xml-content server="offline"/>
        <artifact-alias key="org.apache.geronimo.configs/connector-deployer//car">org.apache.geronimo.configs/connector-deployer/2.1.4/car</artifact-alias>
        <artifact-alias key="org.apache.geronimo.configs/connector-deployer/2.1.3/car">org.apache.geronimo.configs/connector-deployer/2.1.4/car</artifact-alias>
        <artifact-alias key="org.apache.geronimo.configs/connector-deployer/2.1.2/car">org.apache.geronimo.configs/connector-deployer/2.1.4/car</artifact-alias>
        <artifact-alias key="org.apache.geronimo.configs/connector-deployer/2.1.1/car">org.apache.geronimo.configs/connector-deployer/2.1.4/car</artifact-alias>
        <artifact-alias key="org.apache.geronimo.configs/connector-deployer/2.1/car">org.apache.geronimo.configs/connector-deployer/2.1.4/car</artifact-alias>
    </plugin-artifact>
</geronimo-plugin>
