<?xml version="1.0" encoding="UTF-8" standalone="yes"?>
<geronimo-plugin xmlns="http://geronimo.apache.org/xml/ns/plugins-1.3" xmlns:ns2="http://geronimo.apache.org/xml/ns/attributes-1.2">
    <name>Geronimo Plugins, J2EE :: JSR-88 RAR Configurer</name>
    <category>Deployment</category>
    <description>J2EE plugin</description>
    <url>http://geronimo.apache.org/</url>
    <author>The Apache Geronimo development community</author>
    <license osi-approved="true">The Apache Software License, Version 2.0</license>
    <plugin-artifact>
        <module-id>
            <groupId>org.apache.geronimo.configs</groupId>
            <artifactId>jsr88-rar-configurer</artifactId>
            <version>2.1.4</version>
            <type>car</type>
        </module-id>
        <geronimo-version>2.1.4</geronimo-version>
        <jvm-version>1.5</jvm-version>
        <jvm-version>1.6</jvm-version>
        <dependency>
            <groupId>org.apache.geronimo.configs</groupId>
            <artifactId>connector-deployer</artifactId>
            <type>car</type>
        </dependency>
        <dependency>
            <groupId>org.apache.geronimo.framework</groupId>
            <artifactId>jsr88-cli</artifactId>
            <type>car</type>
        </dependency>
        <source-repository>~/.m2/repository/</source-repository>
        <source-repository>http://repo1.maven.org/maven2/</source-repository>
        <source-repository>http://people.apache.org/repo/m2-snapshot-repository/</source-repository>
        <source-repository>http://people.apache.org/repo/m2-incubating-repository/</source-repository>
        <config-xml-content server="jsr88"/>
        <artifact-alias key="org.apache.geronimo.configs/jsr88-rar-configurer//car">org.apache.geronimo.configs/jsr88-rar-configurer/2.1.4/car</artifact-alias>
        <artifact-alias key="org.apache.geronimo.configs/jsr88-rar-configurer/2.1.3/car">org.apache.geronimo.configs/jsr88-rar-configurer/2.1.4/car</artifact-alias>
        <artifact-alias key="org.apache.geronimo.configs/jsr88-rar-configurer/2.1.2/car">org.apache.geronimo.configs/jsr88-rar-configurer/2.1.4/car</artifact-alias>
        <artifact-alias key="org.apache.geronimo.configs/jsr88-rar-configurer/2.1.1/car">org.apache.geronimo.configs/jsr88-rar-configurer/2.1.4/car</artifact-alias>
        <artifact-alias key="org.apache.geronimo.configs/jsr88-rar-configurer/2.1/car">org.apache.geronimo.configs/jsr88-rar-configurer/2.1.4/car</artifact-alias>
    </plugin-artifact>
</geronimo-plugin>
