<?xml version="1.0" encoding="UTF-8" standalone="yes"?>
<geronimo-plugin xmlns="http://geronimo.apache.org/xml/ns/plugins-1.3" xmlns:ns2="http://geronimo.apache.org/xml/ns/attributes-1.2">
    <name>Daytrader :: H2 DataSource</name>
    <category>Daytrader</category>
    <description>Java EE 5.0 Performance Benchmark Sample Application</description>
    <url>http://www.apache.org/</url>
    <author>Apache Software Foundation</author>
    <license osi-approved="true">The Apache Software License, Version 2.0</license>
    <plugin-artifact>
        <module-id>
            <groupId>org.apache.geronimo.daytrader</groupId>
            <artifactId>daytrader-h2-datasource</artifactId>
            <version>2.2-SNAPSHOT</version>
            <type>car</type>
        </module-id>
        <geronimo-version>2.1.4</geronimo-version>
        <jvm-version>1.5</jvm-version>
        <jvm-version>1.6</jvm-version>
        <dependency>
            <groupId>com.h2database</groupId>
            <artifactId>h2</artifactId>
            <version>1.2.121</version>
            <type>jar</type>
        </dependency>
        <dependency>
            <groupId>org.apache.geronimo.configs</groupId>
            <artifactId>transaction</artifactId>
            <type>car</type>
        </dependency>
        <dependency>
            <groupId>org.apache.geronimo.configs</groupId>
            <artifactId>j2ee-server</artifactId>
            <type>car</type>
        </dependency>
        <source-repository>~/.m2/repository/</source-repository>
        <source-repository>http://repo1.maven.org/maven2/</source-repository>
        <artifact-alias key="org.apache.geronimo.daytrader/daytrader-derby-database/2.2-SNAPSHOT/car">org.apache.geronimo.daytrader/daytrader-h2-database/2.2-SNAPSHOT/car</artifact-alias>
    </plugin-artifact>
</geronimo-plugin>
