<?xml version="1.0" encoding="UTF-8" standalone="yes"?>
<geronimo-plugin xmlns="http://geronimo.apache.org/xml/ns/plugins-1.3" xmlns:ns2="http://geronimo.apache.org/xml/ns/attributes-1.2">
    <name>Geronimo Plugins, Jasper :: Deployer</name>
    <category>JavaEE deployment</category>
    <description>Deployer for Jasper jsps. Installs injection support components.</description>
    <url>http://geronimo.apache.org/</url>
    <author>The Apache Geronimo development community</author>
    <license osi-approved="true">The Apache Software License, Version 2.0</license>
    <plugin-artifact>
        <module-id>
            <groupId>org.apache.geronimo.configs</groupId>
            <artifactId>jasper-deployer</artifactId>
            <version>2.1.4</version>
            <type>car</type>
        </module-id>
        <geronimo-version>2.1.4</geronimo-version>
        <jvm-version>1.5</jvm-version>
        <jvm-version>1.6</jvm-version>
        <dependency>
            <groupId>org.apache.geronimo.configs</groupId>
            <artifactId>jasper</artifactId>
            <version>2.1.4</version>
            <type>car</type>
        </dependency>
        <dependency>
            <groupId>org.apache.geronimo.modules</groupId>
            <artifactId>geronimo-jasper-builder</artifactId>
            <version>2.1.4</version>
            <type>jar</type>
        </dependency>
        <dependency>
            <groupId>org.apache.geronimo.configs</groupId>
            <artifactId>j2ee-deployer</artifactId>
            <version>2.1.4</version>
            <type>car</type>
        </dependency>
        <source-repository>~/.m2/repository/</source-repository>
        <source-repository>http://repo1.maven.org/maven2/</source-repository>
        <source-repository>http://people.apache.org/repo/m2-snapshot-repository/</source-repository>
        <source-repository>http://people.apache.org/repo/m2-incubating-repository/</source-repository>
        <config-xml-content server="default"/>
        <config-xml-content server="offline"/>
        <artifact-alias key="org.apache.geronimo.configs/jasper-deployer//car">org.apache.geronimo.configs/jasper-deployer/2.1.4/car</artifact-alias>
        <artifact-alias key="org.apache.geronimo.configs/jasper-deployer/2.1.3/car">org.apache.geronimo.configs/jasper-deployer/2.1.4/car</artifact-alias>
        <artifact-alias key="org.apache.geronimo.configs/jasper-deployer/2.1.2/car">org.apache.geronimo.configs/jasper-deployer/2.1.4/car</artifact-alias>
        <artifact-alias key="org.apache.geronimo.configs/jasper-deployer/2.1.1/car">org.apache.geronimo.configs/jasper-deployer/2.1.4/car</artifact-alias>
        <artifact-alias key="org.apache.geronimo.configs/jasper-deployer/2.1/car">org.apache.geronimo.configs/jasper-deployer/2.1.4/car</artifact-alias>
    </plugin-artifact>
</geronimo-plugin>
