<?xml version="1.0" encoding="UTF-8" standalone="yes"?>
<geronimo-plugin xmlns="http://geronimo.apache.org/xml/ns/plugins-1.3" xmlns:ns2="http://geronimo.apache.org/xml/ns/attributes-1.2">
    <name>Geronimo Plugins, Jetty :: Jetty 6</name>
    <category>Jetty</category>
    <description>Geronimo Jetty Web Server integration.</description>
    <url>http://geronimo.apache.org/</url>
    <author>The Apache Geronimo development community</author>
    <license osi-approved="true">The Apache Software License, Version 2.0</license>
    <plugin-artifact>
        <module-id>
            <groupId>org.apache.geronimo.configs</groupId>
            <artifactId>jetty6</artifactId>
            <version>2.1.4</version>
            <type>car</type>
        </module-id>
        <geronimo-version>2.1.4</geronimo-version>
        <jvm-version>1.5</jvm-version>
        <jvm-version>1.6</jvm-version>
        <dependency>
            <groupId>org.apache.geronimo.configs</groupId>
            <artifactId>j2ee-server</artifactId>
            <version>2.1.4</version>
            <type>car</type>
        </dependency>
        <dependency>
            <groupId>org.apache.geronimo.framework</groupId>
            <artifactId>server-security-config</artifactId>
            <version>2.1.4</version>
            <type>car</type>
        </dependency>
        <dependency>
            <groupId>org.apache.geronimo.configs</groupId>
            <artifactId>transaction</artifactId>
            <version>2.1.4</version>
            <type>car</type>
        </dependency>
        <dependency>
            <groupId>org.apache.geronimo.modules</groupId>
            <artifactId>geronimo-jetty6</artifactId>
            <version>2.1.4</version>
            <type>jar</type>
        </dependency>
        <dependency>
            <groupId>org.mortbay.jetty</groupId>
            <artifactId>jetty</artifactId>
            <version>6.1.7</version>
            <type>jar</type>
        </dependency>
        <dependency>
            <groupId>org.mortbay.jetty</groupId>
            <artifactId>jetty-ajp</artifactId>
            <version>6.1.7</version>
            <type>jar</type>
        </dependency>
        <dependency>
            <groupId>org.mortbay.jetty</groupId>
            <artifactId>jetty-sslengine</artifactId>
            <version>6.1.7</version>
            <type>jar</type>
        </dependency>
        <dependency>
            <groupId>org.mortbay.jetty</groupId>
            <artifactId>jetty-util</artifactId>
            <version>6.1.7</version>
            <type>jar</type>
        </dependency>
        <dependency>
            <groupId>org.apache.geronimo.configs</groupId>
            <artifactId>webservices-common</artifactId>
            <version>2.1.4</version>
            <type>car</type>
        </dependency>
        <source-repository>~/.m2/repository/</source-repository>
        <source-repository>http://repo1.maven.org/maven2/</source-repository>
        <source-repository>http://people.apache.org/repo/m2-snapshot-repository/</source-repository>
        <source-repository>http://people.apache.org/repo/m2-incubating-repository/</source-repository>
        <config-xml-content>
            <ns2:gbean name="JettyWebConnector">
                <ns2:attribute name="host">${ServerHostname}</ns2:attribute>
                <ns2:attribute name="port">${HTTPPort + PortOffset}</ns2:attribute>
                <ns2:attribute name="redirectPort">${HTTPSPortPrimary + PortOffset}</ns2:attribute>
            </ns2:gbean>
            <ns2:gbean name="JettyAJP13Connector">
                <ns2:attribute name="host">${ServerHostname}</ns2:attribute>
                <ns2:attribute name="port">${AJPPort + PortOffset}</ns2:attribute>
                <ns2:attribute name="redirectPort">${HTTPSPortPrimary + PortOffset}</ns2:attribute>
            </ns2:gbean>
            <ns2:gbean name="JettySSLConnector">
                <ns2:attribute name="host">${ServerHostname}</ns2:attribute>
                <ns2:attribute name="port">${HTTPSPort + PortOffset}</ns2:attribute>
            </ns2:gbean>
        </config-xml-content>
        <artifact-alias key="org.apache.geronimo.configs/jetty6//car">org.apache.geronimo.configs/jetty6/2.1.4/car</artifact-alias>
        <artifact-alias key="org.apache.geronimo.configs/jetty6/2.1.3/car">org.apache.geronimo.configs/jetty6/2.1.4/car</artifact-alias>
        <artifact-alias key="org.apache.geronimo.configs/jetty6/2.1.2/car">org.apache.geronimo.configs/jetty6/2.1.4/car</artifact-alias>
        <artifact-alias key="org.apache.geronimo.configs/jetty6/2.1.1/car">org.apache.geronimo.configs/jetty6/2.1.4/car</artifact-alias>
        <artifact-alias key="org.apache.geronimo.configs/jetty6/2.1/car">org.apache.geronimo.configs/jetty6/2.1.4/car</artifact-alias>
        <config-substitution key="HTTPPort">8080</config-substitution>
        <config-substitution key="AJPPort">8009</config-substitution>
        <config-substitution key="HTTPSPort">8443</config-substitution>
        <config-substitution key="ServerHostname">0.0.0.0</config-substitution>
        <config-substitution key="webcontainer">JettyWebContainer</config-substitution>
        <config-substitution key="webcontainerName">jetty6</config-substitution>
    </plugin-artifact>
</geronimo-plugin>
