<?xml version="1.0" encoding="UTF-8" standalone="yes"?>
<geronimo-plugin xmlns="http://geronimo.apache.org/xml/ns/plugins-1.3" xmlns:ns2="http://geronimo.apache.org/xml/ns/attributes-1.2">
    <name>Geronimo Framework, Configs :: JavaEE Specs</name>
    <category>JavaEE</category>
    <description>The JavaEE spec jars in a single classloader.</description>
    <url>http://geronimo.apache.org/</url>
    <author>The Apache Geronimo development community</author>
    <license osi-approved="true">The Apache Software License, Version 2.0</license>
    <plugin-artifact>
        <module-id>
            <groupId>org.apache.geronimo.framework</groupId>
            <artifactId>jee-specs</artifactId>
            <version>2.1.4</version>
            <type>car</type>
        </module-id>
        <geronimo-version>2.1.4</geronimo-version>
        <jvm-version>1.5</jvm-version>
        <jvm-version>1.6</jvm-version>
        <dependency>
            <groupId>org.apache.geronimo.framework</groupId>
            <artifactId>j2ee-system</artifactId>
            <type>car</type>
        </dependency>
        <dependency>
            <groupId>org.apache.geronimo.specs</groupId>
            <artifactId>geronimo-activation_1.1_spec</artifactId>
            <type>jar</type>
        </dependency>
        <dependency>
            <groupId>org.apache.geronimo.specs</groupId>
            <artifactId>geronimo-annotation_1.0_spec</artifactId>
            <type>jar</type>
        </dependency>
        <dependency>
            <groupId>org.apache.geronimo.specs</groupId>
            <artifactId>geronimo-ejb_3.0_spec</artifactId>
            <type>jar</type>
        </dependency>
        <dependency>
            <groupId>org.apache.geronimo.specs</groupId>
            <artifactId>geronimo-el_1.0_spec</artifactId>
            <type>jar</type>
        </dependency>
        <dependency>
            <groupId>org.apache.geronimo.specs</groupId>
            <artifactId>geronimo-interceptor_3.0_spec</artifactId>
            <type>jar</type>
        </dependency>
        <dependency>
            <groupId>org.apache.geronimo.specs</groupId>
            <artifactId>geronimo-j2ee-connector_1.5_spec</artifactId>
            <type>jar</type>
        </dependency>
        <dependency>
            <groupId>org.apache.geronimo.specs</groupId>
            <artifactId>geronimo-j2ee-management_1.1_spec</artifactId>
            <type>jar</type>
        </dependency>
        <dependency>
            <groupId>org.apache.geronimo.specs</groupId>
            <artifactId>geronimo-jacc_1.1_spec</artifactId>
            <type>jar</type>
        </dependency>
        <dependency>
            <groupId>org.apache.geronimo.javamail</groupId>
            <artifactId>geronimo-javamail_1.4_mail</artifactId>
            <type>jar</type>
        </dependency>
        <dependency>
            <groupId>org.apache.geronimo.specs</groupId>
            <artifactId>geronimo-jaxrpc_1.1_spec</artifactId>
            <type>jar</type>
        </dependency>
        <dependency>
            <groupId>org.apache.geronimo.specs</groupId>
            <artifactId>geronimo-jaxr_1.0_spec</artifactId>
            <type>jar</type>
        </dependency>
        <dependency>
            <groupId>org.apache.geronimo.specs</groupId>
            <artifactId>geronimo-jms_1.1_spec</artifactId>
            <type>jar</type>
        </dependency>
        <dependency>
            <groupId>org.apache.geronimo.specs</groupId>
            <artifactId>geronimo-jpa_3.0_spec</artifactId>
            <type>jar</type>
        </dependency>
        <dependency>
            <groupId>org.apache.geronimo.specs</groupId>
            <artifactId>geronimo-jsp_2.1_spec</artifactId>
            <type>jar</type>
        </dependency>
        <dependency>
            <groupId>org.apache.geronimo.specs</groupId>
            <artifactId>geronimo-jta_1.1_spec</artifactId>
            <type>jar</type>
        </dependency>
        <dependency>
            <groupId>org.apache.geronimo.specs</groupId>
            <artifactId>geronimo-servlet_2.5_spec</artifactId>
            <type>jar</type>
        </dependency>
        <dependency>
            <groupId>org.apache.geronimo.specs</groupId>
            <artifactId>geronimo-ws-metadata_2.0_spec</artifactId>
            <type>jar</type>
        </dependency>
        <dependency>
            <groupId>org.apache.axis2</groupId>
            <artifactId>axis2-jaxws-api</artifactId>
            <type>jar</type>
        </dependency>
        <dependency>
            <groupId>org.apache.geronimo.specs</groupId>
            <artifactId>geronimo-saaj_1.3_spec</artifactId>
            <type>jar</type>
        </dependency>
        <dependency>
            <groupId>jstl</groupId>
            <artifactId>jstl</artifactId>
            <type>jar</type>
        </dependency>
        <dependency>
            <groupId>org.apache.myfaces.core</groupId>
            <artifactId>myfaces-api</artifactId>
            <type>jar</type>
        </dependency>
        <dependency>
            <groupId>org.apache.geronimo.framework</groupId>
            <artifactId>geronimo-jdbc</artifactId>
            <type>jar</type>
        </dependency>
        <source-repository>~/.m2/repository/</source-repository>
        <source-repository>http://repo1.maven.org/maven2/</source-repository>
        <source-repository>http://people.apache.org/repo/m2-snapshot-repository/</source-repository>
        <artifact-alias key="org.apache.geronimo.framework/jee-specs//car">org.apache.geronimo.framework/jee-specs/2.1.4/car</artifact-alias>
        <artifact-alias key="org.apache.geronimo.framework/jee-specs/2.1.3/car">org.apache.geronimo.framework/jee-specs/2.1.4/car</artifact-alias>
        <artifact-alias key="org.apache.geronimo.framework/jee-specs/2.1.2/car">org.apache.geronimo.framework/jee-specs/2.1.4/car</artifact-alias>
        <artifact-alias key="org.apache.geronimo.framework/jee-specs/2.1.1/car">org.apache.geronimo.framework/jee-specs/2.1.4/car</artifact-alias>
        <artifact-alias key="org.apache.geronimo.framework/jee-specs/2.1/car">org.apache.geronimo.framework/jee-specs/2.1.4/car</artifact-alias>
    </plugin-artifact>
</geronimo-plugin>
