<?xml version="1.0" encoding="UTF-8"?>
<!--Licensed to the Apache Software Foundation (ASF) under one or more
    contributor license agreements.  See the NOTICE file distributed with
    this work for additional information regarding copyright ownership.
    The ASF licenses this file to You under the Apache License, Version 2.0
    (the "License"); you may not use this file except in compliance with
    the License.  You may obtain a copy of the License at

       http://www.apache.org/licenses/LICENSE-2.0

    Unless required by applicable law or agreed to in writing, software
    distributed under the License is distributed on an "AS IS" BASIS,
    WITHOUT WARRANTIES OR CONDITIONS OF ANY KIND, either express or implied.
    See the License for the specific language governing permissions and
    limitations under the License.-->
<!--$Rev: 613094 $ $Date: 2008-01-18 03:00:10 -0500 (Fri, 18 Jan 2008) $-->
<module xmlns="http://geronimo.apache.org/xml/ns/deployment-1.2">
  <!--runtime dependencies-->
  <environment>
    <moduleId>
      <groupId>org.apache.geronimo.framework</groupId>
      <artifactId>j2ee-security</artifactId>
      <version>2.1.4</version>
      <type>car</type>
    </moduleId>
    <dependencies>
      <dependency>
        <groupId>org.apache.geronimo.framework</groupId>
        <artifactId>rmi-naming</artifactId>
        <version>2.1.4</version>
        <type>car</type>
      </dependency>
      <dependency>
        <groupId>org.apache.geronimo.framework</groupId>
        <artifactId>geronimo-security</artifactId>
        <version>2.1.4</version>
        <type>jar</type>
      </dependency>
      <dependency>
        <groupId>org.apache.geronimo.framework</groupId>
        <artifactId>geronimo-jmx-remoting</artifactId>
        <version>2.1.4</version>
        <type>jar</type>
      </dependency>
    </dependencies>
    <hidden-classes/>
    <non-overridable-classes/>
  </environment>
  <gbean name="SecurityService" class="org.apache.geronimo.security.SecurityServiceImpl">
    <reference name="ServerInfo">
      <name>ServerInfo</name>
    </reference>
    <attribute name="policyConfigurationFactory">org.apache.geronimo.security.jacc.mappingprovider.GeronimoPolicyConfigurationFactory</attribute>
    <attribute name="policyProvider">org.apache.geronimo.security.jacc.mappingprovider.GeronimoPolicy</attribute>
  </gbean>
  <!--Register GeronimoLoginConfiguration as the LoginConfiguration handler-->
  <gbean name="LoginConfiguration" class="org.apache.geronimo.security.jaas.GeronimoLoginConfiguration">
    <references name="Configurations">
      <pattern>
        <type>SecurityRealm</type>
      </pattern>
      <pattern>
        <type>ConfigurationEntry</type>
      </pattern>
    </references>
  </gbean>
  <!--JMX Remoting-->
  <gbean name="JMXService" class="org.apache.geronimo.jmxremoting.JMXConnector">
    <attribute name="protocol">rmi</attribute>
    <attribute name="host">0.0.0.0</attribute>
    <attribute name="port">9999</attribute>
    <attribute name="urlPath">/jndi/rmi://0.0.0.0:1099/JMXConnector</attribute>
    <attribute name="applicationConfigName">geronimo-admin</attribute>
    <reference name="MBeanServerReference">
      <name>MBeanServerReference</name>
    </reference>
  </gbean>
  <gbean name="KeystoreManager" class="org.apache.geronimo.security.keystore.FileKeystoreManager">
    <attribute name="keystoreDir">var/security/keystores</attribute>
    <reference name="ServerInfo">
      <name>ServerInfo</name>
    </reference>
    <references name="KeystoreInstances">
      <pattern>
        <type>Keystore</type>
      </pattern>
    </references>
  </gbean>
</module>