<?xml version="1.0" encoding="UTF-8"?>
<!--Licensed to the Apache Software Foundation (ASF) under one or more
    contributor license agreements.  See the NOTICE file distributed with
    this work for additional information regarding copyright ownership.
    The ASF licenses this file to You under the Apache License, Version 2.0
    (the "License"); you may not use this file except in compliance with
    the License.  You may obtain a copy of the License at

       http://www.apache.org/licenses/LICENSE-2.0

    Unless required by applicable law or agreed to in writing, software
    distributed under the License is distributed on an "AS IS" BASIS,
    WITHOUT WARRANTIES OR CONDITIONS OF ANY KIND, either express or implied.
    See the License for the specific language governing permissions and
    limitations under the License.-->
<module xmlns="http://geronimo.apache.org/xml/ns/deployment-1.2">
  <environment>
    <moduleId>
      <groupId>org.apache.geronimo.framework</groupId>
      <artifactId>client-system</artifactId>
      <version>2.1.4</version>
      <type>car</type>
    </moduleId>
    <dependencies>
      <dependency>
        <groupId>org.apache.geronimo.framework</groupId>
        <artifactId>geronimo-common</artifactId>
        <version>2.1.4</version>
        <type>jar</type>
      </dependency>
      <dependency>
        <groupId>org.apache.geronimo.framework</groupId>
        <artifactId>geronimo-system</artifactId>
        <version>2.1.4</version>
        <type>jar</type>
      </dependency>
      <dependency>
        <groupId>org.apache.geronimo.framework</groupId>
        <artifactId>geronimo-crypto</artifactId>
        <version>2.1.4</version>
        <type>jar</type>
      </dependency>
      <dependency>
        <groupId>commons-cli</groupId>
        <artifactId>commons-cli</artifactId>
        <version>1.0</version>
        <type>jar</type>
      </dependency>
      <dependency>
        <groupId>jline</groupId>
        <artifactId>jline</artifactId>
        <version>0.9.94</version>
        <type>jar</type>
      </dependency>
      <dependency>
        <groupId>commons-jexl</groupId>
        <artifactId>commons-jexl</artifactId>
        <version>1.1</version>
        <type>jar</type>
      </dependency>
      <dependency>
        <groupId>ognl</groupId>
        <artifactId>ognl</artifactId>
        <version>2.6.9</version>
        <type>jar</type>
      </dependency>
      <dependency>
        <groupId>javax.xml.bind</groupId>
        <artifactId>jaxb-api</artifactId>
        <version>2.0</version>
        <type>jar</type>
      </dependency>
      <dependency>
        <groupId>com.sun.xml.bind</groupId>
        <artifactId>jaxb-impl</artifactId>
        <version>2.0.5</version>
        <type>jar</type>
      </dependency>
      <dependency>
        <groupId>org.apache.geronimo.specs</groupId>
        <artifactId>geronimo-stax-api_1.0_spec</artifactId>
        <version>1.0.1</version>
        <type>jar</type>
      </dependency>
      <dependency>
        <groupId>woodstox</groupId>
        <artifactId>wstx-asl</artifactId>
        <version>3.2.1</version>
        <type>jar</type>
      </dependency>
      <dependency>
        <groupId>org.apache.geronimo.specs</groupId>
        <artifactId>geronimo-activation_1.1_spec</artifactId>
        <version>1.0.2</version>
        <type>jar</type>
      </dependency>
    </dependencies>
    <hidden-classes/>
    <non-overridable-classes/>
  </environment>
  <gbean name="EmbeddedClientCommandLine" class="org.apache.geronimo.system.main.EmbeddedClientCommandLine"/>
  <!--ServerInfo service-->
  <gbean name="ServerInfo" class="org.apache.geronimo.system.serverinfo.BasicServerInfo"/>
  <!--Repository-->
  <gbean name="Repository" class="org.apache.geronimo.system.repository.Maven2Repository">
    <attribute name="root">repository/</attribute>
    <reference name="ServerInfo">
      <name>ServerInfo</name>
    </reference>
  </gbean>
  <!--Configuration Store service-->
  <gbean name="Local" class="org.apache.geronimo.system.configuration.RepositoryConfigurationStore">
    <reference name="Repository">
      <name>Repository</name>
    </reference>
  </gbean>
  <!--User-editable attribute service-->
  <gbean name="AttributeManager" class="org.apache.geronimo.system.configuration.LocalAttributeManager">
    <reference name="ServerInfo">
      <name>ServerInfo</name>
    </reference>
    <attribute name="readOnly">true</attribute>
    <attribute name="configFile">var/config/config.xml</attribute>
    <attribute name="substitutionsFile">var/config/config-substitutions.properties</attribute>
    <attribute name="substitutionPrefix">org.apache.geronimo.config.substitution.</attribute>
  </gbean>
  <!--ArtifactManager-->
  <gbean name="ArtifactManager" class="org.apache.geronimo.kernel.repository.DefaultArtifactManager"/>
  <!--ArtifactResolver-->
  <gbean name="ArtifactResolver" class="org.apache.geronimo.system.resolver.ExplicitDefaultArtifactResolver">
    <reference name="ArtifactManager">
      <name>ArtifactManager</name>
    </reference>
    <reference name="Repositories"/>
    <attribute name="versionMapLocation">var/config/client_artifact_aliases.properties</attribute>
    <reference name="ServerInfo">
      <name>ServerInfo</name>
    </reference>
  </gbean>
  <!--Configuration Manager service-->
  <gbean name="ConfigurationManager" class="org.apache.geronimo.kernel.config.EditableKernelConfigurationManager">
    <reference name="Repositories"></reference>
    <reference name="Stores"></reference>
    <reference name="AttributeStore">
      <name>AttributeManager</name>
    </reference>
    <reference name="PersistentConfigurationList">
      <type>AttributeStore</type>
      <name>AttributeManager</name>
    </reference>
    <reference name="ArtifactManager">
      <name>ArtifactManager</name>
    </reference>
    <reference name="ArtifactResolver">
      <name>ArtifactResolver</name>
    </reference>
  </gbean>
  <!--Logging service-->
  <gbean name="Logger" class="org.apache.geronimo.system.logging.log4j.Log4jService">
    <attribute name="configFileName">var/log/client-log4j.properties</attribute>
    <attribute name="refreshPeriodSeconds">60</attribute>
    <reference name="ServerInfo">
      <name>ServerInfo</name>
    </reference>
  </gbean>
</module>